{"cameraMode":{"drawMode":0,"name":"Shaded","section":"Shading Mode"},"sceneLighting":true,"audioPlay":false,"sceneViewState":{"m_AlwaysRefresh":false,"showFog":true,"showSkybox":true,"showFlares":true,"showImageEffects":true,"showParticleSystems":true,"showVisualEffectGraphs":true,"m_FxEnabled":true},"in2DMode":false,"pivot":{"x":-12.560761451721192,"y":14.439472198486329,"z":3.1340138912200929},"rotation":{"x":-0.42806488275527956,"y":-0.2128584086894989,"z":0.1044849082827568,"w":-0.8720739483833313},"size":13.608617782592774,"orthographic":false}